Date,New Visitor,Returning Visitor
2018-01-01,9,36
2018-01-02,48,217
2018-01-03,6008,3094
2018-01-04,6202,3455
2018-01-05,4619,3190
2018-01-06,3569,1713
2018-01-07,3801,2146
2018-01-08,5378,4394
2018-01-09,5182,4443
2018-01-10,4698,4188
2018-01-11,5244,4308
2018-01-12,4068,3815
2018-01-13,3105,2234
2018-01-14,3163,2672
2018-01-15,3931,3734
2018-01-16,4757,5700
2018-01-17,4977,6143
2018-01-18,5370,5212
2018-01-19,17,370
2018-01-20,3,123
2018-01-21,2,124
2018-01-22,3620,4131
2018-01-23,4656,5071
2018-01-24,4350,5326
2018-01-25,4361,4974
2018-01-26,4578,4824
2018-01-27,2923,2548
2018-01-28,3259,3530
2018-01-29,4874,6051
2018-01-30,4483,5813
2018-01-31,4779,6418
2018-02-01,4963,6221
2018-02-02,3700,4537
2018-02-03,3678,2624
2018-02-04,2690,2970
2018-02-05,4453,6221
2018-02-06,4109,5363
2018-02-07,4143,5610
2018-02-08,4246,5055
2018-02-09,3747,4437
2018-02-10,3163,2523
2018-02-11,2904,3218
2018-02-12,4064,5504
2018-02-13,3799,5123
2018-02-14,3379,4296
2018-02-15,3830,4704
2018-02-16,3416,4133
2018-02-17,2746,2192
2018-02-18,2493,2637
2018-02-19,3237,3733
2018-02-20,3961,5488
2018-02-21,4371,5766
2018-02-22,4190,5216
2018-02-23,3914,4845
2018-02-24,3381,2864
2018-02-25,2981,3443
2018-02-26,4442,6041
2018-02-27,4178,5609
2018-02-28,4024,5719
2018-03-01,3774,5339
2018-03-02,1571,2153
2018-03-03,3069,2348
2018-03-04,2941,3044
2018-03-05,5078,5432
2018-03-06,5621,5244
2018-03-07,4421,5288
2018-03-08,4004,5394
2018-03-09,3592,4073
2018-03-10,3494,2127
2018-03-11,3543,2262
2018-03-12,4590,4203
2018-03-13,4928,4187
2018-03-14,5751,4975
2018-03-15,8988,5165
2018-03-16,6460,4494
2018-03-17,38707,4943
2018-03-18,7525,6661
2018-03-19,6616,8192
2018-03-20,6006,7455
2018-03-21,5565,6858
2018-03-22,13616,6725
2018-03-23,5921,6249
2018-03-24,3781,3224
2018-03-25,3631,4054
2018-03-26,4567,7176
2018-03-27,4377,7681
2018-03-28,4106,7023
2018-03-29,3647,5419
2018-03-30,2847,3152
2018-03-31,2901,2510
2018-04-01,2719,2694
2018-04-02,4080,4594
2018-04-03,4006,6730
2018-04-04,3770,6494
2018-04-05,3815,5955
2018-04-06,3352,5200
2018-04-07,2663,3143
2018-04-08,2847,4170
2018-04-09,4028,7316
2018-04-10,3895,6986
2018-04-11,4028,7111
2018-04-12,3901,6407
2018-04-13,4031,6045
2018-04-14,3283,4175
2018-04-15,3326,4833
2018-04-16,4226,7344
2018-04-17,4088,7009
2018-04-18,3908,6936
2018-04-19,4578,6779
2018-04-20,3753,5462
2018-04-21,2150,2783
2018-04-22,3729,3662
2018-04-23,3766,6932
2018-04-24,3516,6180
2018-04-25,3536,5941
2018-04-26,3223,5598
2018-04-27,3028,4581
2018-04-28,2181,3048
2018-04-29,2584,3948
2018-04-30,3744,7075
2018-05-01,3685,6322
2018-05-02,3462,5866
2018-05-03,3402,5594
2018-05-04,3057,4732
2018-05-05,2181,2838
2018-05-06,2586,4158
2018-05-07,3667,7134
2018-05-08,3645,6833
2018-05-09,3613,6206
2018-05-10,3540,5579
2018-05-11,3540,4854
2018-05-12,3280,3710
2018-05-13,2735,3549
2018-05-14,3343,4835
2018-05-15,3479,4389
2018-05-16,3343,4752
2018-05-17,3371,4413
2018-05-18,3781,4254
2018-05-19,2298,2501
2018-05-20,2106,2165
2018-05-21,4135,4745
2018-05-22,4896,5252
2018-05-23,3588,4244
2018-05-24,3036,3554
2018-05-25,2606,3041
2018-05-26,1894,1712
2018-05-27,1718,1528
2018-05-28,2038,2151
2018-05-29,2903,4006
2018-05-30,3220,4169
2018-05-31,2940,3867
2018-06-01,2598,3540
2018-06-02,1844,1886
2018-06-03,1969,1890
2018-06-04,2911,3669
2018-06-05,2751,3498
2018-06-06,2599,3353
2018-06-07,2553,3265
2018-06-08,2415,3090
2018-06-09,1761,1667
2018-06-10,1844,1838
2018-06-11,2889,3856
2018-06-12,2738,3759
2018-06-13,2645,3687
2018-06-14,2580,3879
2018-06-15,2373,3144
2018-06-16,1629,1684
2018-06-17,1733,1717
2018-06-18,2567,3521
2018-06-19,2436,3356
2018-06-20,2381,3198
2018-06-21,3145,3166
2018-06-22,2453,2560
2018-06-23,1827,1552
2018-06-24,1800,1688
2018-06-25,2587,3237
2018-06-26,2881,3280
2018-06-27,2839,3297
2018-06-28,2623,3077
2018-06-29,2116,2878
2018-06-30,1585,1658
2018-07-01,1738,1747
2018-07-02,2659,3487
2018-07-03,2167,3061
2018-07-04,1560,1370
2018-07-05,2430,3221
2018-07-06,2026,2987
2018-07-07,1611,1673
2018-07-08,1756,1904
2018-07-09,2717,3998
2018-07-10,2583,3660
2018-07-11,2771,3687
2018-07-12,2574,3618
2018-07-13,2374,3264
2018-07-14,1695,1940
2018-07-15,1861,2129
2018-07-16,2805,4256
2018-07-17,2956,4007
2018-07-18,2630,3712
2018-07-19,2787,3612
2018-07-20,2224,2841
2018-07-21,1841,1779
2018-07-22,2040,2151
2018-07-23,3041,4179
2018-07-24,3133,4217
2018-07-25,2817,3902
2018-07-26,4217,5647
2018-07-27,2899,3850
2018-07-28,1944,1886
2018-07-29,2066,2269
2018-07-30,3186,4364
2018-07-31,3007,4359
2018-08-01,3734,5082
2018-08-02,3178,4393
2018-08-03,2744,3867
2018-08-04,1920,2261
2018-08-05,1997,2332
2018-08-06,3063,4390
2018-08-07,3095,4727
2018-08-08,3245,4824
2018-08-09,3125,4513
2018-08-10,2576,3909
2018-08-11,1966,2487
2018-08-12,2128,2582
2018-08-13,3050,4836
2018-08-14,2866,4686
2018-08-15,2962,5017
2018-08-16,3385,5214
2018-08-17,2832,4366
2018-08-18,2080,2773
2018-08-19,2465,3181
2018-08-20,3430,5966
2018-08-21,3479,5792
2018-08-22,3148,5397
2018-08-23,3536,6602
2018-08-24,3748,7190
2018-08-25,2804,5426
2018-08-26,2927,5583
2018-08-27,3746,8702
2018-08-28,3898,7708
2018-08-29,3837,7759
2018-08-30,3728,7193
2018-08-31,3028,5701
2018-09-01,2074,2887
2018-09-02,2052,3210
2018-09-03,2656,4504
2018-09-04,3819,6903
2018-09-05,3747,6721
2018-09-06,3922,6213
2018-09-07,3124,5065
2018-09-08,2319,2850
2018-09-09,2809,3748
2018-09-10,4227,6795
2018-09-11,3868,6101
2018-09-12,3685,6082
2018-09-13,3568,5903
2018-09-14,3284,5204
2018-09-15,2220,2865
2018-09-16,2554,3762
2018-09-17,3773,6194
2018-09-18,3743,5911
2018-09-19,3658,5541
2018-09-20,3960,5493
2018-09-21,3226,4666
2018-09-22,2297,2647
2018-09-23,2649,3729
2018-09-24,3739,6192
2018-09-25,4835,7518
2018-09-26,3806,6153
2018-09-27,3651,5716
2018-09-28,3135,4965
2018-09-29,2495,2988
2018-09-30,2572,3934
2018-10-01,4040,6894
2018-10-02,4097,6385
2018-10-03,4220,6567
2018-10-04,3819,6086
2018-10-05,3514,5090
2018-10-06,2630,3119
2018-10-07,4095,3860
2018-10-08,3771,6475
2018-10-09,3580,5866
2018-10-10,3805,5845
2018-10-11,3598,5300
2018-10-12,2918,4573
2018-10-13,2277,2741
2018-10-14,2533,3596
2018-10-15,3686,6197
2018-10-16,3552,5830
2018-10-17,3443,5523
2018-10-18,3193,5207
2018-10-19,2957,4502
2018-10-20,2228,2431
2018-10-21,2459,3059
2018-10-22,3419,4567
2018-10-23,3642,6184
2018-10-24,3673,6140
2018-10-25,5368,7787
2018-10-26,3272,4853
2018-10-27,2444,2516
2018-10-28,2599,3805
2018-10-29,4637,6951
2018-10-30,3698,6664
2018-10-31,3243,5813
2018-11-01,4119,6107
2018-11-02,4681,5154
2018-11-03,2470,2739
2018-11-04,2930,4102
2018-11-05,4418,7581
2018-11-06,4189,6770
2018-11-07,4228,7035
2018-11-08,3884,6346
2018-11-09,3260,5142
2018-11-10,2768,2961
2018-11-11,2653,4122
2018-11-12,3835,7204
2018-11-13,4353,7306
2018-11-14,4289,6967
2018-11-15,4673,7027
2018-11-16,3815,5810
2018-11-17,2670,2626
2018-11-18,2564,3174
2018-11-19,4061,5401
2018-11-20,4524,4279
2018-11-21,10100,3565
2018-11-22,3224,1982
2018-11-23,2697,2334
2018-11-24,2616,2628
2018-11-25,2575,3841
2018-11-26,4941,7264
2018-11-27,4492,7098
2018-11-28,4227,6595
2018-11-29,4230,5975
2018-11-30,3555,5308
2018-12-01,4417,3285
2018-12-02,3801,4943
2018-12-03,4913,7202
2018-12-04,4431,6382
2018-12-05,5165,6103
2018-12-06,4432,6002
2018-12-07,3980,5530
2018-12-08,4546,4076
2018-12-09,5031,4826
2018-12-10,4940,6968
2018-12-11,4328,7061
2018-12-12,4115,6282
2018-12-13,4614,6700
2018-12-14,3728,5159
2018-12-15,4672,2795
2018-12-16,2834,2743
2018-12-17,3940,4802
2018-12-18,4734,4994
2018-12-19,3472,4243
2018-12-20,3070,4094
2018-12-21,3158,3876
2018-12-22,2903,2785
2018-12-23,2031,2034
2018-12-24,1722,1669
2018-12-25,1574,1421
2018-12-26,2843,3085
2018-12-27,3150,3354
2018-12-28,3211,3243
2018-12-29,2340,2108
2018-12-30,1957,2107
2018-12-31,2666,2310
2019-01-01,2222,2337
2019-01-02,3380,4775
2019-01-03,3858,4701
2019-01-04,3576,4197
2019-01-05,3059,2757
2019-01-06,2915,3084
2019-01-07,3740,5155
2019-01-08,4126,5391
2019-01-09,4101,5219
2019-01-10,4332,5289
2019-01-11,3759,4771
2019-01-12,3205,3293
2019-01-13,3135,4074
2019-01-14,4632,7026
2019-01-15,4491,7334
2019-01-16,4247,7179
2019-01-17,4332,6283
2019-01-18,3726,5365
2019-01-19,2706,2822
2019-01-20,2559,3249
2019-01-21,3242,4501
2019-01-22,3970,6589
2019-01-23,4130,6341
2019-01-24,4600,6422
2019-01-25,3708,5252
2019-01-26,2877,3234
2019-01-27,2918,4125
2019-01-28,3775,6519
2019-01-29,4060,6568
2019-01-30,4128,6451
2019-01-31,4356,6931
2019-02-01,3422,5939
2019-02-02,3234,3291
2019-02-03,2662,3484
2019-02-04,4453,6482
2019-02-05,4298,6431
2019-02-06,4096,5948
2019-02-07,4040,5560
2019-02-08,3380,4613
2019-02-09,3580,3459
2019-02-10,3617,5065
2019-02-11,5934,13305
2019-02-12,5237,11293
2019-02-13,4625,8122
2019-02-14,4631,6207
2019-02-15,3932,5500
2019-02-16,4883,3080
2019-02-17,3219,3330
2019-02-18,3805,4322
2019-02-19,4753,6620
2019-02-20,4820,6149
2019-02-21,5382,6621
2019-02-22,4331,5551
2019-02-23,5513,3619
2019-02-24,3510,4131
2019-02-25,4567,6529
2019-02-26,4408,6275
2019-02-27,3809,5758
2019-02-28,4113,5874
2019-03-01,4130,4894
2019-03-02,4441,3195
2019-03-03,3360,3957
2019-03-04,4661,6496
2019-03-05,5101,6666
2019-03-06,4441,6112
2019-03-07,5020,5818
2019-03-08,4598,5103
2019-03-09,4227,3152
2019-03-10,3859,3170
2019-03-11,7420,5253
2019-03-12,7753,5200
2019-03-13,5155,4963
2019-03-14,4502,4653
2019-03-15,6210,5203
2019-03-16,4368,3360
2019-03-17,6861,4403
2019-03-18,8933,8769
2019-03-19,7733,8212
2019-03-20,7939,7738
2019-03-21,12955,7802
2019-03-22,8771,6645
2019-03-23,17534,5040
2019-03-24,10774,5750
2019-03-25,11581,8571
2019-03-26,9755,8999
2019-03-27,8355,8251
2019-03-28,34053,9674
2019-03-29,13748,8882
2019-03-30,37670,6893
2019-03-31,6964,6274
2019-04-01,6657,8474
2019-04-02,5771,7991
2019-04-03,4996,7732
2019-04-04,4776,7420
2019-04-05,4382,6173
2019-04-06,3494,3639
2019-04-07,3754,4972
2019-04-08,5058,8253
2019-04-09,5713,8832
2019-04-10,5271,8452
2019-04-11,4668,7503
2019-04-12,5485,6443
2019-04-13,3634,4251
2019-04-14,4032,4696
2019-04-15,5462,8046
2019-04-16,4856,7027
2019-04-17,5046,6604
2019-04-18,5523,7345
2019-04-19,3880,3938
2019-04-20,3330,2964
2019-04-21,3319,2973
2019-04-22,4655,5049
2019-04-23,5872,7709
2019-04-24,5254,7703
2019-04-25,4574,6710
2019-04-26,4720,6073
2019-04-27,3204,3726
2019-04-28,3683,5022
2019-04-29,5640,8183
2019-04-30,5747,7931
2019-05-01,4713,7410
2019-05-02,5403,6786
2019-05-03,4020,5605
2019-05-04,3441,3442
2019-05-05,3279,4136
2019-05-06,4932,7620
2019-05-07,5339,8086
2019-05-08,4605,7122
2019-05-09,4807,6175
2019-05-10,4495,5487
2019-05-11,5282,5553
2019-05-12,4300,5147
2019-05-13,5143,5742
2019-05-14,4514,5290
2019-05-15,4117,5231
2019-05-16,4073,4671
2019-05-17,3781,4331
2019-05-18,2942,2815
2019-05-19,2828,2594
2019-05-20,3898,4743
2019-05-21,4066,4533
2019-05-22,3774,4135
2019-05-23,5030,5510
2019-05-24,3497,3895
2019-05-25,2726,2083
2019-05-26,2747,1931
2019-05-27,2808,2505
2019-05-28,4327,4617
2019-05-29,4563,4539
2019-05-30,4047,4162
2019-05-31,3832,3674
2019-06-01,2630,2118
2019-06-02,2119,2219
2019-06-03,3122,4109
2019-06-04,2846,3750
2019-06-05,3708,3954
2019-06-06,3751,3766
2019-06-07,3321,3439
2019-06-08,2904,2201
2019-06-09,2633,2093
2019-06-10,3546,4219
2019-06-11,3593,3979
2019-06-12,3635,4623
2019-06-13,3564,4087
2019-06-14,3228,3549
2019-06-15,2426,2098
2019-06-16,2531,2168
2019-06-17,3724,3814
2019-06-18,4010,4019
2019-06-19,3666,3743
2019-06-20,5013,3762
2019-06-21,4620,3500
2019-06-22,3128,1967
2019-06-23,3143,2349
2019-06-24,4243,4140
2019-06-25,3814,3677
2019-06-26,3605,3610
2019-06-27,3592,3422
2019-06-28,3358,3226
2019-06-29,2377,1836
2019-06-30,2762,2002
2019-07-01,3520,3925
2019-07-02,3748,3885
2019-07-03,3066,3210
2019-07-04,2070,1455
2019-07-05,2658,2427
2019-07-06,2498,1824
2019-07-07,2618,2116
2019-07-08,4365,4285
2019-07-09,4019,4351
2019-07-10,4803,4406
2019-07-11,3964,4018
2019-07-12,3648,3585
2019-07-13,2813,2237
2019-07-14,2929,2353
2019-07-15,4455,4383
2019-07-16,3897,4334
2019-07-17,3936,4223
2019-07-18,3686,3852
2019-07-19,3870,3376
2019-07-20,3074,1998
2019-07-21,3225,2162
2019-07-22,4576,4186
2019-07-23,4081,4107
2019-07-24,4625,4086
2019-07-25,4888,4735
2019-07-26,4171,3871
2019-07-27,3120,2231
2019-07-28,3433,2456
2019-07-29,4767,4592
2019-07-30,4825,4586
2019-07-31,4728,5012
2019-08-01,4799,5391
2019-08-02,5157,4458
2019-08-03,3745,2647
2019-08-04,3472,2701
2019-08-05,5007,4806
2019-08-06,5447,4982
2019-08-07,7747,4981
2019-08-08,4570,4757
2019-08-09,4580,4269
2019-08-10,3295,2556
2019-08-11,3807,2870
2019-08-12,5742,5641
2019-08-13,5638,5316
2019-08-14,4494,4918
2019-08-15,4854,5315
2019-08-16,4731,5308
2019-08-17,3766,3453
2019-08-18,4061,3517
2019-08-19,5596,6661
2019-08-20,5325,6637
2019-08-21,6223,6479
2019-08-22,6171,6943
2019-08-23,5281,7073
2019-08-24,4754,5164
2019-08-25,4824,5753
2019-08-26,6223,9212
2019-08-27,6427,8823
2019-08-28,6548,8355
2019-08-29,5438,7244
2019-08-30,4568,6106
2019-08-31,3005,3141
2019-09-01,3284,3456
2019-09-02,4206,4795
2019-09-03,5969,7440
2019-09-04,6198,7519
2019-09-05,5640,6989
2019-09-06,4578,5669
2019-09-07,3578,3119
2019-09-08,4721,4224
2019-09-09,6653,8002
2019-09-10,6384,7424
2019-09-11,5828,6622
2019-09-12,5516,6344
2019-09-13,4757,5367
2019-09-14,3934,3186
2019-09-15,4031,3916
2019-09-16,5570,6494
2019-09-17,5135,6282
2019-09-18,5098,6072
2019-09-19,7527,7503
2019-09-20,4826,5359
2019-09-21,3703,3020
2019-09-22,3867,3923
2019-09-23,5086,6435
2019-09-24,5762,6599
2019-09-25,5443,6380
2019-09-26,4964,5707
2019-09-27,4466,4997
2019-09-28,3449,3064
2019-09-29,4052,4108
2019-09-30,5185,6809
2019-10-01,5198,6882
2019-10-02,5086,6426
2019-10-03,4936,5994
2019-10-04,6970,5523
2019-10-05,3716,3289
2019-10-06,3808,3899
2019-10-07,4998,6566
2019-10-08,5176,6497
2019-10-09,5362,6481
2019-10-10,4844,5924
2019-10-11,4422,4893
2019-10-12,3589,3049
2019-10-13,3746,3935
2019-10-14,5987,7006
2019-10-15,4827,6336
2019-10-16,5006,5937
2019-10-17,4531,5578
2019-10-18,3941,4449
2019-10-19,3124,2551
2019-10-20,3589,3105
2019-10-21,4532,4622
2019-10-22,4635,6483
2019-10-23,4776,6271
2019-10-24,5271,6664
2019-10-25,3989,4760
2019-10-26,3673,2644
2019-10-27,3711,3587
2019-10-28,4683,6617
2019-10-29,4889,6363
2019-10-30,4705,6373
2019-10-31,4323,5223
2019-11-01,5140,5013
2019-11-02,3873,2927
2019-11-03,3941,3960
2019-11-04,5443,7198
2019-11-05,5803,6933
2019-11-06,5400,6855
2019-11-07,4966,6327
2019-11-08,4268,5098
2019-11-09,3606,2919
2019-11-10,3646,3995
2019-11-11,5169,6907
2019-11-12,5528,6980
2019-11-13,5393,7261
2019-11-14,5765,7518
2019-11-15,4818,5659
2019-11-16,3382,2975
2019-11-17,3598,3921
2019-11-18,5050,7342
2019-11-19,4934,7075
2019-11-20,4933,7065
2019-11-21,4403,6552
2019-11-22,4013,5115
2019-11-23,3233,2757
2019-11-24,3116,3374
2019-11-25,4499,5622
2019-11-26,4373,4827
2019-11-27,3859,3646
2019-11-28,3625,2001
2019-11-29,4020,2501
2019-11-30,3348,3122
2019-12-01,5298,4887
2019-12-02,5655,7499
2019-12-03,6199,7318
2019-12-04,6083,7328
2019-12-05,5403,6423
2019-12-06,4385,5166
2019-12-07,4315,3978
2019-12-08,4449,4489
2019-12-09,5129,7026
2019-12-10,5067,6926
2019-12-11,5151,6597
2019-12-12,4669,5721
2019-12-13,4304,4960
2019-12-14,4436,2946
2019-12-15,3328,2840
2019-12-16,5246,5718
2019-12-17,4621,4753
2019-12-18,5660,4455
2019-12-19,5132,4975
2019-12-20,4129,4053
2019-12-21,3682,2264
2019-12-22,2998,1927
2019-12-23,3303,2307
2019-12-24,2476,1592
2019-12-25,2330,1457
2019-12-26,3375,3109
2019-12-27,3938,3298
2019-12-28,3259,2363
2019-12-29,3606,2440
2019-12-30,4961,3611
2019-12-31,3670,3016
2020-01-01,3378,3013
2020-01-02,5139,4369
2020-01-03,4584,3590
2020-01-04,4645,2551
2020-01-05,3739,2739
2020-01-06,5710,5022
2020-01-07,5793,4996
2020-01-08,5760,5026
2020-01-09,5603,4979
2020-01-10,5863,5122
2020-01-11,4480,3337
2020-01-12,4466,4028
2020-01-13,6041,6939
2020-01-14,6472,7251
2020-01-15,6418,7407
2020-01-16,6191,6484
2020-01-17,4816,5345
2020-01-18,5425,3055
2020-01-19,3944,3268
2020-01-20,4462,4384
2020-01-21,5431,6173
2020-01-22,5702,6253
2020-01-23,5024,5632
2020-01-24,4880,5072
2020-01-25,4275,3004
2020-01-26,3734,3516
2020-01-27,5128,6008
2020-01-28,6025,6376
2020-01-29,5374,6105
2020-01-30,6063,6100
2020-01-31,6057,5740
2020-02-01,4451,3308
2020-02-02,3430,3140
2020-02-03,5191,6239
2020-02-04,5012,6117
2020-02-05,6209,6444
2020-02-06,5702,5956
2020-02-07,4789,4906
2020-02-08,4808,2951
2020-02-09,4155,3871
2020-02-10,5729,7053
2020-02-11,5502,7059
2020-02-12,5179,6975
2020-02-13,9983,9078
2020-02-14,6027,7057
2020-02-15,5577,4092
2020-02-16,4325,3925
2020-02-17,5149,4866
2020-02-18,7625,8524
2020-02-19,6564,7926
2020-02-20,7221,7323
2020-02-21,5311,5606
2020-02-22,5185,3391
2020-02-23,4668,4263
2020-02-24,5744,7439
2020-02-25,6213,6728
2020-02-26,8939,8684
2020-02-27,6556,6365
2020-02-28,5301,5446
2020-02-29,4982,3336
2020-03-01,4997,4265
2020-03-02,8350,8420
2020-03-03,8771,9176
2020-03-04,7221,8371
2020-03-05,6288,7496
2020-03-06,6237,6574
2020-03-07,4619,3686
2020-03-08,4229,3528
2020-03-09,7055,5847
2020-03-10,7332,6084
2020-03-11,8079,8299
2020-03-12,9277,11234
2020-03-13,5074,5640
2020-03-14,4528,4246
2020-03-15,3876,3571
2020-03-16,4525,5268
2020-03-17,4173,5248
2020-03-18,4169,4611
2020-03-19,4105,4417
2020-03-20,4279,4322
2020-03-21,3439,2736
2020-03-22,3225,2662
2020-03-23,4221,5106
2020-03-24,4542,4967
2020-03-25,3366,4459
2020-03-26,3262,4438
2020-03-27,7338,6768
2020-03-28,3874,3300
2020-03-29,3079,3223
2020-03-30,3916,5736
2020-03-31,3596,4975
2020-04-01,3576,4826
2020-04-02,3562,4771
2020-04-03,5529,5126
2020-04-04,4256,3237
2020-04-05,3779,3239
2020-04-06,5182,5654
2020-04-07,4943,5507
2020-04-08,5372,5807
2020-04-09,5384,5367
2020-04-10,4123,3720
2020-04-11,4210,3020
2020-04-12,4499,2984
2020-04-13,4603,4624
2020-04-14,5575,6494
2020-04-15,6036,6556
2020-04-16,6101,6546
2020-04-17,5503,6199
2020-04-18,5472,8122
2020-04-19,4375,4209
2020-04-20,5342,6576
2020-04-21,4947,6142
2020-04-22,5457,6452
2020-04-23,4894,5245
2020-04-24,5091,5236
2020-04-25,3273,2924
2020-04-26,2450,3049
2020-04-27,5379,6083
2020-04-28,4612,5503
2020-04-29,4282,5384
2020-04-30,5586,6208
2020-05-01,3893,5233
2020-05-02,3055,2724
2020-05-03,2876,3150
2020-05-04,6240,5682
2020-05-05,7302,5549
2020-05-06,6349,6201
2020-05-07,5871,5405
2020-05-08,5205,4837
2020-05-09,4181,2912
2020-05-10,4048,2852
2020-05-11,6096,5453
2020-05-12,6392,5660
2020-05-13,5984,5592
2020-05-14,5501,5568
2020-05-15,4648,4490
2020-05-16,3760,2779
2020-05-17,3969,2853
2020-05-18,4916,4958
2020-05-19,5048,5264
2020-05-20,5460,5296
2020-05-21,5044,4581
2020-05-22,3885,3778
2020-05-23,2633,2217
2020-05-24,2467,2109
2020-05-25,3473,2679
2020-05-26,4600,4311
2020-05-27,4735,4174
2020-05-28,5168,4366
2020-05-29,4429,3933
2020-05-30,3226,2381
2020-05-31,3323,2774
2020-06-01,6499,4918
2020-06-02,3713,3742
2020-06-03,3109,3528
2020-06-04,3309,3896
2020-06-05,2789,3328
2020-06-06,2022,1921
2020-06-07,2083,1989
2020-06-08,3652,3840
2020-06-09,4097,4592
2020-06-10,3816,3981
2020-06-11,3892,4337
2020-06-12,3483,3543
2020-06-13,2570,2421
2020-06-14,2474,2366
2020-06-15,3541,4553
2020-06-16,3851,4646
2020-06-17,4432,4234
2020-06-18,2777,3558
2020-06-19,2574,2903
2020-06-20,1996,1814
2020-06-21,2064,1661
2020-06-22,3126,3601
2020-06-23,2869,3262
2020-06-24,3076,3734
2020-06-25,3546,3418
2020-06-26,3585,3008
2020-06-27,2748,1948
2020-06-28,3154,2047
2020-06-29,3699,3755
2020-06-30,3946,4228
2020-07-01,5168,4649
2020-07-02,3126,3596
2020-07-03,3067,2145
2020-07-04,2094,1442
2020-07-05,2899,1963
2020-07-06,3887,3859
2020-07-07,4003,3961
2020-07-08,4005,4118
2020-07-09,3878,3878
2020-07-10,3567,3307
2020-07-11,2614,1953
2020-07-12,2892,2094
2020-07-13,3711,3717
2020-07-14,3436,3446
2020-07-15,3846,4329
2020-07-16,3934,3908
2020-07-17,4754,3968
2020-07-18,2889,2114
2020-07-19,2708,1962
2020-07-20,4183,4406
2020-07-21,4164,3941
2020-07-22,4360,4501
2020-07-23,3976,3922
2020-07-24,4305,4808
2020-07-25,2806,2332
2020-07-26,2878,2325
2020-07-27,3839,4165
2020-07-28,6052,7822
2020-07-29,4899,5384
2020-07-30,4033,4817
2020-07-31,5096,5584
2020-08-01,3261,3373
2020-08-02,3147,2993
2020-08-03,4295,5624
2020-08-04,4399,4672
2020-08-05,5585,5187
2020-08-06,3694,3934
2020-08-07,3684,4185
2020-08-08,2992,2578
2020-08-09,3266,2581
2020-08-10,4497,4890
2020-08-11,4577,4706
2020-08-12,5683,6216
2020-08-13,4389,2870
2020-08-14,5011,5151
2020-08-15,3613,3146
2020-08-16,3711,3107
2020-08-17,4921,5522
2020-08-18,5082,5328
2020-08-19,4726,5050
2020-08-20,5767,5175
2020-08-21,3870,4405
2020-08-22,3266,2852
2020-08-23,3267,3143
2020-08-24,4756,5856
2020-08-25,4976,6242
2020-08-26,5122,6362
2020-08-27,4517,6107
2020-08-28,5075,6617
2020-08-29,3765,4502
2020-08-30,3689,4457
2020-08-31,5333,8212
2020-09-01,6128,7905
2020-09-02,5075,7429
2020-09-03,5340,7494
2020-09-04,5167,6390
2020-09-05,4879,4954
2020-09-06,5963,7070
2020-09-07,3521,4594
2020-09-08,4672,6998
2020-09-09,4202,6690
2020-09-10,3973,6442
2020-09-11,4641,6662
2020-09-12,3011,3835
2020-09-13,3186,4374
2020-09-14,5145,7645
2020-09-15,4977,7842
2020-09-16,4802,6809
2020-09-17,4811,6731
2020-09-18,4143,5569
2020-09-19,3126,3720
2020-09-20,3303,3899
2020-09-21,5147,7875
2020-09-22,5043,7271
2020-09-23,4788,6872
2020-09-24,5201,6642
2020-09-25,4820,6170
2020-09-26,3815,4171
2020-09-27,3680,4113
2020-09-28,5262,7700
2020-09-29,8682,8316
2020-09-30,5288,7091
2020-10-01,5259,6663
2020-10-02,3782,5324
2020-10-03,2680,3192
2020-10-04,2985,3849
2020-10-05,5296,6323
2020-10-06,5097,6920
2020-10-07,4182,6315
2020-10-08,4904,6520
2020-10-09,4380,6031
2020-10-10,3515,3398
2020-10-11,3086,3695
2020-10-12,4228,6270
2020-10-13,5328,6497
2020-10-14,5126,8240
2020-10-15,4299,6714
2020-10-16,4401,5456
2020-10-17,2884,3468
2020-10-18,3098,3899
2020-10-19,4297,6768
2020-10-20,4410,6890
2020-10-21,4523,7028
2020-10-22,5021,6770
2020-10-23,3297,4980
2020-10-24,2574,2745
2020-10-25,2966,3161
2020-10-26,4180,4727
2020-10-27,4570,6583
2020-10-28,4311,6352
2020-10-29,4309,6527
2020-10-30,3874,5455
2020-10-31,2321,2482
2020-11-01,3414,3776
2020-11-02,5081,6780
2020-11-03,4125,6167
2020-11-04,4476,6147
2020-11-05,3705,5891
2020-11-06,3890,4975
2020-11-07,2591,2664
2020-11-08,5178,4286
2020-11-09,10036,8659
2020-11-10,6114,7779
2020-11-11,6676,7633
2020-11-12,5678,7376
2020-11-13,4876,6518
2020-11-14,3469,3699
2020-11-15,3498,4470
2020-11-16,4911,7647
2020-11-17,4276,7242
2020-11-18,5243,8055
2020-11-19,4833,6602
2020-11-20,4752,5517
2020-11-21,3135,2813
2020-11-22,3172,3259
2020-11-23,4071,5421
2020-11-24,4281,4987
2020-11-25,4580,4072
2020-11-26,7474,2233
2020-11-27,6000,2907
2020-11-28,3344,2607
2020-11-29,4846,3937
2020-11-30,5454,7342
2020-12-01,6039,7064
2020-12-02,8276,6296
2020-12-03,5161,5981
2020-12-04,4804,5099
2020-12-05,4674,2672
2020-12-06,4354,3672
2020-12-07,11026,5789
2020-12-08,5625,5532
2020-12-09,5025,5374
2020-12-10,4935,5608
2020-12-11,4427,4770
2020-12-12,3316,2880
2020-12-13,3877,3636
2020-12-14,4261,5664
2020-12-15,4572,5879
2020-12-16,4398,5662
2020-12-17,4420,5299
2020-12-18,4187,4177
2020-12-19,6582,2427
2020-12-20,4350,2441
2020-12-21,3581,2999
2020-12-22,3491,2900
2020-12-23,2741,2709
2020-12-24,1888,1501
2020-12-25,1675,1130
2020-12-26,6491,1978
2020-12-27,2450,1959
2020-12-28,3927,3541
2020-12-29,3712,3594
2020-12-30,4347,3739
2020-12-31,2996,3183
2021-01-01,2429,2422
2021-01-02,4014,2234
2021-01-03,2803,2314
2021-01-04,4212,4579
2021-01-05,6652,4551
2021-01-06,3926,3994
2021-01-07,4710,3991
2021-01-08,3305,3788
2021-01-09,2880,2135
2021-01-10,2745,2350
2021-01-11,3872,4692
2021-01-12,4535,5061
2021-01-13,3768,4311
2021-01-14,4715,4512
2021-01-15,3617,4751
2021-01-16,3927,2713
2021-01-17,3049,3034
2021-01-18,3451,4220
2021-01-19,4066,6628
2021-01-20,3535,5832
2021-01-21,3869,6049
2021-01-22,3502,4846
2021-01-23,3119,2623
2021-01-24,2762,3191
2021-01-25,3719,5783
2021-01-26,4249,5675
2021-01-27,5888,6673
2021-01-28,4833,5894
2021-01-29,3680,4821
2021-01-30,5585,2951
2021-01-31,3323,3347
2021-02-01,4227,6169
2021-02-02,4434,5554
2021-02-03,4479,5548
2021-02-04,4547,5652
2021-02-05,3523,4607
2021-02-06,2996,2483
2021-02-07,2639,2861
2021-02-08,5141,5991
2021-02-09,5303,6257
2021-02-10,4011,5939
2021-02-11,10407,9401
2021-02-12,6448,7079
2021-02-13,4164,3356
2021-02-14,3538,3189
2021-02-15,4188,4646
2021-02-16,5698,7724
2021-02-17,5431,6832
2021-02-18,5701,6076
2021-02-19,4980,5617
2021-02-20,4496,3377
2021-02-21,3589,3983
2021-02-22,5769,6608
2021-02-23,5707,7058
2021-02-24,5353,6715
2021-02-25,6191,6460
2021-02-26,4483,5228
2021-02-27,5837,3250
2021-02-28,4434,4220
2021-03-01,5364,6814
2021-03-02,5504,6858
2021-03-03,4957,6770
2021-03-04,5566,6053
2021-03-05,4919,5451
2021-03-06,4070,3631
2021-03-07,3814,3644
2021-03-08,6899,6500
2021-03-09,7354,6136
2021-03-10,7933,6911
2021-03-11,5970,6943
2021-03-12,4884,4659
2021-03-13,3931,2884
2021-03-14,6643,3633
2021-03-15,8588,6889
2021-03-16,6911,6483
2021-03-17,8809,6501
2021-03-18,10385,6967
2021-03-19,10660,5355
2021-03-20,19771,4199
2021-03-21,9814,5125
2021-03-22,26218,8590
2021-03-23,10995,7865
2021-03-24,8641,7034
2021-03-25,6778,6514
2021-03-26,7307,5545
2021-03-27,9431,3746
2021-03-28,40412,7468
2021-03-29,12928,8603
2021-03-30,51997,12294
2021-03-31,20198,10483
2021-04-01,11637,7695
2021-04-02,10481,4677
2021-04-03,111619,9206
2021-04-04,52404,13099
2021-04-05,117050,13330
2021-04-06,32176,14730
2021-04-07,9688,8861
2021-04-08,6599,7500
2021-04-09,5804,6311
2021-04-10,4703,6745
2021-04-11,4036,4699
2021-04-12,5813,7880
2021-04-13,5261,7465
2021-04-14,5340,7652
2021-04-15,5699,7596
2021-04-16,4963,5768
2021-04-17,3511,3111
2021-04-18,3542,4243
2021-04-19,6467,8273
2021-04-20,6058,7251
2021-04-21,6490,7851
2021-04-22,5281,6816
2021-04-23,4661,5392
2021-04-24,3247,3526
2021-04-25,3244,4084
2021-04-26,4599,6684
2021-04-27,4788,6397
2021-04-28,7230,6782
2021-04-29,5157,6617
2021-04-30,5026,6244
2021-05-01,3390,3659
2021-05-02,3392,3778
2021-05-03,5077,6598
2021-05-04,4968,6692
2021-05-05,4875,5617
2021-05-06,5212,5494
2021-05-07,4802,4686
2021-05-08,6245,5696
2021-05-09,7195,7114
2021-05-10,4706,5415
2021-05-11,4249,4706
2021-05-12,4262,4529
2021-05-13,4521,4592
2021-05-14,3561,3637
2021-05-15,2317,1882
2021-05-16,2649,2045
2021-05-17,4096,4059
2021-05-18,4194,4016
2021-05-19,3693,3814
2021-05-20,4921,4694
2021-05-21,4117,3361
2021-05-22,2636,2140
2021-05-23,2753,2146
2021-05-24,3686,3911
2021-05-25,3849,3700
2021-05-26,3851,3762
2021-05-27,3555,3456
2021-05-28,3115,2909
2021-05-29,2030,1459
2021-05-30,2162,1707
2021-05-31,2637,2091
2021-06-01,3192,3035
2021-06-02,3348,3302
2021-06-03,3225,3263
2021-06-04,3900,2863
2021-06-05,2659,1623
2021-06-06,3778,2006
2021-06-07,4182,3700
2021-06-08,3520,3391
2021-06-09,3681,3364
2021-06-10,4604,4149
2021-06-11,3182,3026
2021-06-12,2253,1619
2021-06-13,2646,1956
2021-06-14,3620,3679
2021-06-15,3875,4010
2021-06-16,3798,4016
2021-06-17,3889,3804
2021-06-18,3114,2852
2021-06-19,2156,1659
2021-06-20,2359,1789
2021-06-21,6126,3777
2021-06-22,3983,4127
2021-06-23,4151,3652
2021-06-24,4441,3443
2021-06-25,3220,2745
2021-06-26,2145,1516
2021-06-27,2531,1808
2021-06-28,3347,3408
2021-06-29,3221,3237
2021-06-30,3366,3622
2021-07-01,3291,3315
2021-07-02,3580,2832
2021-07-03,2704,1582
2021-07-04,2117,1303
2021-07-05,2646,2147
2021-07-06,3545,3622
2021-07-07,3784,3875
2021-07-08,3632,3581
2021-07-09,3089,3033
2021-07-10,2303,1762
2021-07-11,2605,2060
2021-07-12,4003,4297
2021-07-13,3778,4084
2021-07-14,3853,3867
2021-07-15,3569,4002
2021-07-16,3251,3614
2021-07-17,2396,1956
2021-07-18,2400,2083
2021-07-19,3474,3974
2021-07-20,3856,4032
2021-07-21,3673,3948
2021-07-22,3748,3916
2021-07-23,3294,3272
2021-07-24,2294,1857
2021-07-25,2368,2002
2021-07-26,3575,3793
2021-07-27,3409,3771
2021-07-28,4198,3914
2021-07-29,4045,3700
2021-07-30,3801,3236
2021-07-31,2746,2278
2021-08-01,2924,2369
2021-08-02,3996,4374
2021-08-03,3762,4212
2021-08-04,3689,4198
2021-08-05,3907,4095
2021-08-06,5054,3889
2021-08-07,3281,2250
2021-08-08,3134,2364
2021-08-09,3975,4252
2021-08-10,3851,4112
2021-08-11,4649,5244
2021-08-12,4477,4710
2021-08-13,4233,4432
2021-08-14,2833,2610
2021-08-15,3210,3098
2021-08-16,3975,4943
2021-08-17,3875,4843
2021-08-18,5288,6066
2021-08-19,4295,5182
2021-08-20,4081,5153
2021-08-21,2859,3175
2021-08-22,3824,3589
2021-08-23,4703,5826
2021-08-24,4652,5630
2021-08-25,4883,5895
2021-08-26,4837,6276
2021-08-27,5535,6971
2021-08-28,3942,5308
2021-08-29,4154,5609
2021-08-30,5507,8723
2021-08-31,6158,8608
2021-09-01,5586,7869
2021-09-02,5406,6942
2021-09-03,3938,5562
2021-09-04,3095,3182
2021-09-05,2949,3221
2021-09-06,3553,4526
2021-09-07,5090,7244
2021-09-08,5787,7205
2021-09-09,4841,6637
2021-09-10,4013,5351
2021-09-11,2831,2865
2021-09-12,3317,3674
2021-09-13,5273,6854
2021-09-14,5633,6629
2021-09-15,5162,6380
2021-09-16,4654,6072
2021-09-17,4474,5254
2021-09-18,2922,2969
2021-09-19,3285,3649
2021-09-20,5058,6408
2021-09-21,4772,6307
2021-09-22,6417,6267
2021-09-23,4367,5861
2021-09-24,5866,5597
2021-09-25,2787,2781
2021-09-26,3425,3662
2021-09-27,5023,6511
2021-09-28,4976,6200
2021-09-29,4781,6222
2021-09-30,7671,6014
2021-10-01,3812,4810
2021-10-02,2815,2693
2021-10-03,3364,3366
2021-10-04,4874,6395
2021-10-05,4774,6221
2021-10-06,4784,6479
2021-10-07,4429,5981
2021-10-08,4404,4732
2021-10-09,3991,3036
2021-10-10,3634,3727
2021-10-11,5115,6148
2021-10-12,6125,6600
2021-10-13,5041,6466
2021-10-14,4463,5827
2021-10-15,4141,4640
2021-10-16,2928,2649
2021-10-17,3428,3521
2021-10-18,5570,5955
2021-10-19,4928,5924
2021-10-20,5411,6123
2021-10-21,4857,5842
2021-10-22,5782,5427
2021-10-23,3254,2561
2021-10-24,3541,3185
2021-10-25,4445,4728
2021-10-26,5068,6786
2021-10-27,4850,6614
2021-10-28,4695,6130
2021-10-29,4282,4802
2021-10-30,3047,2493
2021-10-31,3494,3389
